<?xml version="1.0" encoding="UTF-8"?>
<!DOCTYPE log4j:configuration SYSTEM "log4j.dtd">
<log4j:configuration xmlns:log4j="http://jakarta.apache.org/log4j/">
	<appender name="stdout" class="org.apache.log4j.ConsoleAppender">
		<layout class="org.apache.log4j.TTCCLayout"/>
	</appender>
	
<appender name="DebugTimerAppender"
		class="org.apache.log4j.RollingFileAppender">
		<param name="maxFileSize" value="10MB" />
		<param name="maxBackupIndex" value="5" />
		<param name="File" value="/logs/DebugTimer.log" />
		<layout class="org.apache.log4j.PatternLayout">
			<param name="ConversionPattern"
				value="%d{DATE} %c %p - %m%n" />
		</layout>
	</appender>
	
	<!-- log detail configuration -->
	<logger name="DebugTimer" additivity="false">
		<level value="debug"/>
		<appender-ref ref="COSDebugTimerAppender"/>
	</logger>
		
</log4j:configuration>
